;Set
1A_Sv;Arctic
1B_Sv;Arctic
1C_Sv;Arctic
1D_Sv;Arctic
1E_Sv;Arctic
2A_Sv;Arctic
2B_Sv;Arctic
2C_Sv;Arctic
2D_Sv;Arctic
2E_Sv;Arctic
3A_Sv;Arctic
3B_Sv;Arctic
3C_Sv;Arctic
3D_Sv;Arctic
3E_Sv;Arctic
4A_Sv;Arctic
4B_Sv;Arctic
4C_Sv;Arctic
4D_Sv;Arctic
4E_Sv;Arctic
5A_Sv;Arctic
5B_Sv;Arctic
5C_Sv;Arctic
5D_Sv;Arctic
5E_Sv;Arctic
6A_Sv;Arctic
6B_Sv;Arctic
6C_Sv;Arctic
6D_Sv;Arctic
6E_Sv;Arctic
7A_Sv;Arctic
7B_Sv;Arctic
7C_Sv;Arctic
7D_Sv;Arctic
7E_Sv;Arctic
8A_Sv;Arctic
8B_Sv;Arctic
8C_Sv;Arctic
8D_Sv;Arctic
8E_Sv;Arctic
9A_Sv;Arctic
9B_Sv;Arctic
9C_Sv;Arctic
9D_Sv;Arctic
9E_Sv;Arctic
BIO1_1_An;An_Cont
BIO1_2_An;An_Cont
BIO1_3_An;An_Cont
BIO1_4_An;An_Cont
BIO1_5_An;An_Cont
BIO2_1_An;An_Cont
BIO2_2_An;An_Cont
BIO2_3_An;An_Cont
BIO2_4_An;An_Cont
BIO2_5_An;An_Cont
BIO3_1_An;An_Cont
BIO3_2_An;An_Cont
BIO3_3_An;An_Cont
BIO3_4_An;An_Cont
BIO3_5_An;An_Cont
BIO4_1_An;An_Cont
BIO4_2_An;An_Cont
BIO4_3_An;An_Cont
BIO4_4_An;An_Cont
BIO4_5_An;An_Cont
C2_1_An;An_Pen
C2_2_An;An_Pen
C2_3_An;An_Pen
C2_4_An;An_Pen
C2_5_An;An_Pen
C3_1_An;An_Pen
C3_2_An;An_Pen
C3_3_An;An_Pen
C3_4_An;An_Pen
C3_5_An;An_Pen
C3_6_An;An_Pen
C4_1_An;An_Pen
C4_2_An;An_Pen
C4_3_An;An_Pen
C4_4_An;An_Pen
C4_5_An;An_Pen
K5_1_An;An_Pen
K5_2_An;An_Pen
K5_3_An;An_Pen
K5_4_An;An_Pen
K5_5_An;An_Pen
K6_1_An;An_Pen
K6_2_An;An_Pen
K6_3_An;An_Pen
K6_4_An;An_Pen
K6_5_An;An_Pen
K7_1_An;An_Pen
K7_2_An;An_Pen
K7_3_An;An_Pen
K7_4_An;An_Pen
K7_5_An;An_Pen
K9_1_An;An_Pen
K9_2_An;An_Pen
K9_3_An;An_Pen
K9_4_An;An_Pen
K9_5_An;An_Pen
Me1_1_An;An_Pen
Me1_2_An;An_Pen
Me1_3_An;An_Pen
Me1_4_An;An_Pen
Me1_5_An;An_Pen
Me2_1_An;An_Pen
Me2_2_An;An_Pen
Me2_3_An;An_Pen
Me2_4_An;An_Pen
Me2_5_An;An_Pen
Me3_1_An;An_Pen
Me3_2_An;An_Pen
Me3_3_An;An_Pen
Me3_4_An;An_Pen
Me3_5_An;An_Pen
